Test,N_Estimator,MF,F_IMP,P_IMP_TRAIN,P_IMP_TEST,Train_Score,Test_Score,OOB_Score,MAE,RMSE,NMAE,NRMSE
,500,6,0.32 0.03 0.11 0.1 0.27 0.17,0.92 0.07 0.9 0.25 1.21 0.47,0.83 0.07 0.88 0.18 1.17 0.45,0.98,0.8,0.86,8.18,22.52,0.41,1.14
,500,7,0.27 0.02 0.06 0.14 0.15 0.24 0.12,0.7 0.05 0.26 0.39 0.76 1.08 0.3,0.53 0.04 0.21 0.28 0.52 0.92 0.24,0.98,0.73,0.83,9.85,26.42,0.5,1.34
,500,6,0.33 0.03 0.09 0.08 0.27 0.19,0.94 0.1 0.54 0.19 1.21 0.65,0.87 0.1 0.35 0.06 1.16 0.61,0.99,0.93,0.9,4.31,13.5,0.22,0.68
,500,5,0.33 0.1 0.09 0.28 0.2,1.0 0.75 0.24 1.22 0.67,0.91 0.47 0.08 1.16 0.61,0.98,0.92,0.88,4.71,14.8,0.24,0.74
,500,5,0.33 0.1 0.09 0.28 0.2,0.99 0.77 0.23 1.22 0.63,0.83 0.74 0.07 1.02 0.53,0.98,0.81,0.88,10.51,25.87,0.43,1.07
,500,5,0.33 0.1 0.09 0.28 0.2,0.99 0.77 0.23 1.22 0.63,0.83 0.74 0.07 1.02 0.53,0.98,0.81,0.88,10.51,25.87,0.43,1.07
,500,5,0.39 0.1 0.07 0.32 0.11,0.6 0.55 0.15 0.83 0.19,0.51 0.59 0.07 0.68 0.16,0.61,0.53,0.58,20.23,40.69,0.84,1.68
,500,2,0.39 0.61,2.19 2.89,2.3 3.18,0.87,-0.69,0.07,53.82,77.52,2.23,3.21
,500,3,0.4 0.33 0.27,1.17 1.3 0.83,1.06 1.16 0.73,0.95,0.95,0.94,4.97,13.54,0.21,0.56
,500,3,0.4 0.34 0.26,1.23 1.32 0.79,1.21 1.32 0.81,0.97,0.91,0.96,4.79,14.89,0.24,0.75
,500,3,0.4 0.34 0.26,1.23 1.32 0.79,1.21 1.32 0.81,0.97,0.91,0.96,4.79,14.89,0.24,0.75
,500,5,0.33 0.12 0.11 0.28 0.17,0.99 1.12 0.28 1.2 0.48,0.87 1.08 0.21 1.15 0.44,0.98,0.78,0.84,8.67,23.69,0.44,1.2
,500,5,0.33 0.12 0.11 0.27 0.17,0.99 1.12 0.28 1.2 0.48,0.87 1.07 0.21 1.15 0.44,0.98,0.78,0.84,8.67,23.69,0.44,1.2
,500,5,0.33 0.12 0.11 0.27 0.17,0.99 1.12 0.28 1.2 0.48,0.87 1.07 0.21 1.15 0.44,0.98,0.78,0.84,8.67,23.69,0.44,1.2
,500,5,0.33 0.12 0.11 0.27 0.17,0.99 1.12 0.28 1.2 0.48,0.87 1.07 0.21 1.15 0.44,0.98,0.78,0.84,8.67,23.69,0.44,1.2
,500,5,0.33 0.1 0.09 0.28 0.2,1.0 0.75 0.24 1.22 0.67,0.91 0.47 0.08 1.16 0.61,0.98,0.92,0.88,4.71,14.8,0.24,0.74
,500,5,0.33 0.1 0.09 0.28 0.2,0.99 0.77 0.23 1.22 0.63,0.83 0.74 0.07 1.02 0.53,0.98,0.81,0.88,10.51,25.87,0.43,1.07
,500,5,0.33 0.12 0.11 0.28 0.17,0.99 1.12 0.28 1.2 0.48,0.87 1.08 0.21 1.15 0.44,0.98,0.78,0.84,8.67,23.69,0.44,1.2
,500,6,0.32 0.03 0.11 0.1 0.27 0.16,0.92 0.07 0.89 0.25 1.21 0.47,0.83 0.07 0.88 0.18 1.17 0.45,0.98,0.8,0.86,8.19,22.54,0.42,1.14
,500,7,0.27 0.02 0.06 0.14 0.15 0.25 0.12,0.7 0.05 0.25 0.39 0.76 1.08 0.3,0.53 0.04 0.21 0.28 0.52 0.92 0.24,0.98,0.73,0.83,9.85,26.43,0.5,1.34
,500,5,0.33 0.12 0.11 0.28 0.17,0.99 1.12 0.28 1.2 0.48,0.87 1.08 0.21 1.15 0.44,0.98,0.78,0.84,8.67,23.69,0.44,1.2
,500,5,0.33 0.12 0.11 0.28 0.17,0.99 1.12 0.28 1.2 0.48,0.87 1.08 0.21 1.15 0.44,0.98,0.78,0.84,8.67,23.69,0.44,1.2
,500,5,0.33 0.12 0.11 0.27 0.17,0.99 1.11 0.28 1.2 0.48,0.88 1.06 0.21 1.15 0.44,0.98,0.78,0.84,8.65,23.65,0.44,1.2
,500,5,0.33 0.12 0.11 0.27 0.17,0.99 1.11 0.28 1.2 0.48,0.88 1.06 0.21 1.15 0.44,0.98,0.78,0.84,8.65,23.65,0.44,1.2
,500,5,0.28 0.15 0.16 0.26 0.15,0.81 0.44 0.85 1.01 0.41,0.62 0.3 0.6 0.8 0.31,0.98,0.71,0.82,9.97,27.24,0.51,1.38
,500,6,0.32 0.03 0.11 0.1 0.27 0.17,0.92 0.07 0.9 0.25 1.21 0.47,0.83 0.07 0.88 0.18 1.17 0.45,0.98,0.8,0.86,8.18,22.52,0.41,1.14
,500,6,0.32 0.03 0.11 0.1 0.27 0.17,0.92 0.07 0.9 0.25 1.21 0.47,0.83 0.07 0.88 0.18 1.17 0.45,0.98,0.8,0.86,8.18,22.52,0.41,1.14
,500,2,0.41 0.59,2.61 3.49,2.18 2.92,0.88,-0.17,0.13,28.51,54.64,1.45,2.77
,500,3,0.39 0.52 0.09,3.04 3.89 0.63,2.66 3.53 0.0,0.9,-0.25,0.23,30.94,56.56,1.57,2.87
,500,3,0.39 0.52 0.09,3.04 3.89 0.63,2.66 3.53 0.0,0.9,-0.25,0.23,30.94,56.56,1.57,2.87
,500,2,0.41 0.59,2.49 3.26,0.28 0.41,0.87,-0.0,0.07,22.33,46.42,1.23,2.57
,500,3,0.4 0.49 0.11,3.19 4.22 0.76,0.12 0.14 0.0,0.89,-0.07,0.22,20.59,47.9,1.14,2.65
,500,2,0.4 0.6,2.3 2.95,0.27 0.46,0.87,0.03,0.04,26.38,50.3,1.32,2.52
,500,2,0.47 0.53,4.25 5.33,1.52 2.18,0.9,0.0,0.23,23.51,50.55,1.19,2.56
,500,2,0.42 0.58,2.47 3.09,1.06 1.45,0.87,0.03,0.01,28.1,51.64,1.37,2.52
,500,2,0.41 0.59,2.62 3.5,2.18 2.92,0.88,-0.17,0.13,28.51,54.63,1.45,2.77
,500,2,0.6 0.4,3.03 2.29,2.12 1.55,0.9,0.12,0.24,24.14,47.45,1.23,2.41
,500,3,0.25 0.4 0.35,0.9 3.46 2.23,0.51 2.59 1.67,0.91,0.17,0.34,23.23,46.13,1.18,2.34
,500,4,0.05 0.22 0.37 0.35,0.3 0.82 3.05 2.12,0.08 0.51 2.3 1.65,0.92,0.24,0.39,22.15,44.22,1.12,2.24
,500,5,0.29 0.03 0.13 0.29 0.26,0.67 0.12 0.47 1.9 1.38,0.32 0.04 0.26 1.4 1.04,0.94,0.41,0.56,18.39,38.91,0.93,1.97
,500,2,0.41 0.59,2.62 3.5,2.18 2.92,0.88,-0.17,0.13,28.51,54.63,1.45,2.77
,500,2,0.41 0.59,2.62 3.5,2.19 2.93,0.88,-0.17,0.13,28.51,54.64,1.45,2.77
,500,2,0.41 0.59,2.62 3.5,2.19 2.93,0.88,-0.17,0.13,28.51,54.64,1.45,2.77
,500,3,0.25 0.4 0.35,0.9 3.46 2.23,0.51 2.59 1.67,0.91,0.17,0.34,23.23,46.13,1.18,2.34
,500,2,0.41 0.59,2.62 3.5,2.18 2.92,0.88,-0.17,0.13,28.51,54.63,1.45,2.77
,500,3,0.29 0.39 0.31,2.21 2.82 0.63,1.88 2.37 0.18,0.9,0.04,0.3,26.06,49.48,1.32,2.51
,500,2,0.41 0.59,2.62 3.5,2.18 2.92,0.88,-0.17,0.13,28.51,54.63,1.45,2.77
,500,4,0.22 0.23 0.32 0.23,1.9 0.72 1.34 0.57,1.62 0.44 1.13 0.32,0.94,0.48,0.57,16.33,36.61,0.83,1.86
,500,6,0.32 0.03 0.11 0.1 0.27 0.17,0.92 0.07 0.9 0.25 1.21 0.47,0.83 0.07 0.88 0.18 1.17 0.45,0.98,0.8,0.86,8.18,22.52,0.41,1.14
,500,6,0.32 0.03 0.11 0.1 0.27 0.17,0.92 0.07 0.9 0.25 1.21 0.47,0.83 0.07 0.88 0.18 1.17 0.45,0.98,0.8,0.86,8.18,22.52,0.41,1.14
,500,6,0.32 0.03 0.11 0.1 0.27 0.17,0.92 0.07 0.9 0.25 1.21 0.47,0.83 0.07 0.88 0.18 1.17 0.45,0.98,0.8,0.86,8.18,22.52,"0    0.41
dtype: float64","0    1.14
dtype: float64"
,500,6,0.33 0.03 0.1 0.07 0.27 0.2,0.95 0.1 0.56 0.16 1.23 0.64,0.7 0.08 0.29 0.11 0.89 0.44,0.99,0.79,0.91,9.67,28.78,0.39,1.15
,500,6,0.33 0.03 0.1 0.09 0.27 0.19,0.94 0.09 0.56 0.19 1.21 0.62,0.78 0.08 0.54 0.05 1.02 0.54,0.99,0.84,0.9,9.72,24.17,0.4,1.0
,500,6,0.33 0.03 0.1 0.08 0.28 0.19,0.94 0.09 0.63 0.14 1.27 0.6,0.62 0.08 0.44 0.07 0.84 0.4,0.99,0.7,0.9,13.65,34.11,0.55,1.37
,500,6,0.33 0.03 0.1 0.09 0.27 0.19,0.94 0.09 0.56 0.19 1.21 0.62,0.78 0.08 0.54 0.05 1.02 0.54,0.99,0.84,0.9,9.72,24.17,0.4,1.0
,500,6,0.32 0.03 0.11 0.1 0.27 0.16,0.92 0.07 0.89 0.25 1.21 0.47,0.83 0.07 0.88 0.18 1.17 0.45,0.98,0.8,0.86,8.19,22.54,0.42,1.14
,500,6,0.33 0.03 0.1 0.09 0.27 0.19,0.94 0.09 0.56 0.19 1.21 0.62,0.78 0.08 0.54 0.05 1.02 0.54,0.99,0.84,0.9,9.72,24.17,0.4,1.0
,500,6,0.33 0.03 0.09 0.08 0.27 0.19,0.94 0.1 0.54 0.19 1.21 0.65,0.87 0.1 0.35 0.06 1.16 0.61,0.99,0.93,0.9,4.31,13.5,0.22,0.68
,500,6,0.33 0.03 0.1 0.09 0.27 0.19,0.94 0.09 0.56 0.19 1.21 0.62,0.78 0.08 0.54 0.05 1.02 0.54,0.99,0.84,0.9,9.72,24.17,0.4,1.0
,500,6,0.32 0.03 0.11 0.1 0.27 0.16,0.92 0.07 0.89 0.25 1.21 0.47,0.83 0.07 0.88 0.18 1.17 0.45,0.98,0.8,0.86,8.19,22.54,0.42,1.14
,500,6,0.29 0.05 0.12 0.13 0.21 0.2,0.99 0.13 0.25 0.3 0.7 0.46,0.24 0.02 0.36 0.07 0.32 0.04,0.98,-0.54,0.86,54.44,69.74,1.1,1.41
,500,6,0.26 0.04 0.14 0.13 0.24 0.19,1.03 0.14 0.3 0.32 0.83 0.46,1.72 0.18 0.33 0.05 2.81 1.36,0.98,0.27,0.84,22.13,31.05,0.64,0.89
,500,6,0.28 0.03 0.04 0.05 0.31 0.29,1.07 0.12 0.09 0.08 1.12 1.12,0.18 0.03 -0.01 0.02 0.02 0.02,0.99,-0.35,0.94,83.31,118.3,0.8,1.14
,500,6,0.26 0.04 0.13 0.13 0.24 0.2,1.0 0.14 0.29 0.31 0.89 0.5,0.51 0.0 9.09 2.92 3.17 1.17,0.98,-9.09,0.85,40.91,52.4,12.88,16.49
,500,6,0.32 0.03 0.11 0.1 0.27 0.16,0.92 0.07 0.89 0.25 1.21 0.47,0.83 0.07 0.88 0.18 1.17 0.45,0.98,0.8,0.86,8.19,22.54,0.42,1.14
,500,6,0.32 0.03 0.11 0.1 0.27 0.16,0.92 0.07 0.89 0.25 1.21 0.47,0.83 0.07 0.88 0.18 1.17 0.45,0.98,0.8,0.86,8.19,22.54,0.42,1.14
,500,6,0.27 0.04 0.14 0.14 0.2 0.2,1.0 0.13 0.3 0.34 0.75 0.48,0.1 0.02 0.08 0.14 -0.02 -0.01,0.98,-0.06,0.84,45.57,62.0,0.94,1.27
,500,6,0.33 0.03 0.09 0.08 0.28 0.19,0.92 0.1 0.54 0.18 1.21 0.65,-0.0 0.0 -0.0 0.0 0.01 0.01,0.99,-0.49,0.9,46.67,73.43,0.96,1.51
,500,6,0.33 0.03 0.09 0.08 0.28 0.19,0.92 0.1 0.53 0.18 1.22 0.65,-0.0 0.0 -0.0 0.0 0.01 0.01,0.99,-0.49,0.9,46.72,73.46,0.96,1.51
,500,2,0.39 0.61,2.26 2.91,0.38 0.5,0.87,-0.39,0.05,47.12,71.0,0.97,1.46
,500,4,0.46 0.05 0.2 0.29,0.97 0.25 1.15 1.24,-0.03 0.02 0.39 0.59,0.94,-0.4,0.54,48.84,71.19,1.0,1.46
,500,5,0.39 0.03 0.14 0.12 0.32,0.9 0.12 0.93 0.31 1.22,-0.01 0.01 -0.03 -0.01 -0.05,0.97,-0.47,0.81,46.25,72.82,0.95,1.49
,500,5,0.35 0.05 0.13 0.21 0.26,0.95 0.22 0.78 0.81 0.59,-0.07 0.01 0.12 0.18 -0.05,0.96,-0.48,0.74,50.43,73.15,1.03,1.5
,500,7,0.15 0.04 0.05 0.42 0.05 0.12 0.16,0.49 0.1 0.18 1.31 0.1 0.42 0.42,0.38 0.09 0.01 0.0 0.07 0.0 0.13,0.99,-0.99,0.95,72.96,84.75,1.5,1.74
,500,7,0.32 0.03 0.09 0.07 0.28 0.18 0.03,0.9 0.09 0.62 0.18 1.27 0.62 0.04,-0.0 -0.0 0.0 0.0 0.01 0.01 0.0,0.99,-0.49,0.91,46.63,73.36,0.96,1.51
,500,7,0.32 0.03 0.09 0.07 0.28 0.18 0.03,0.9 0.09 0.62 0.18 1.27 0.62 0.04,-0.0 -0.0 0.0 0.0 0.01 0.01 0.0,0.99,-0.49,0.91,46.63,73.36,0.96,1.51
,500,3,0.26 0.41 0.33,0.98 3.18 2.33,0.09 1.02 0.66,0.9,-0.28,0.3,44.72,68.13,0.92,1.4
,500,4,0.06 0.22 0.4 0.31,0.25 0.64 1.43 1.38,-0.02 3.4 18.31 9.42,0.91,-10.95,0.37,67.38,79.51,12.04,14.21
,500,4,0.06 0.24 0.38 0.32,0.34 0.78 2.7 2.02,0.1 0.24 1.45 1.64,0.91,-0.1,0.35,29.91,42.53,0.76,1.08
,500,6,0.26 0.03 0.05 0.06 0.33 0.28,0.93 0.1 0.1 0.09 1.06 1.0,0.24 0.02 -0.01 0.05 0.21 0.0,0.99,0.16,0.93,30.78,64.89,0.85,1.8
,500,6,0.26 0.04 0.13 0.13 0.24 0.2,1.0 0.14 0.29 0.31 0.89 0.5,0.51 0.01 9.02 2.9 3.15 1.16,0.98,-9.14,0.85,41.02,52.53,12.91,16.53
,500,5,0.33 0.05 0.13 0.21 0.28,0.96 0.21 0.7 0.79 0.62,0.22 0.11 0.45 0.69 -0.01,0.97,-0.36,0.75,36.48,51.72,0.86,1.22
,500,5,0.31 0.05 0.13 0.23 0.27,0.93 0.21 0.81 0.85 0.64,0.22 0.04 0.4 0.63 -0.07,0.96,-0.44,0.73,40.53,56.11,0.83,1.14
,500,5,0.38 0.04 0.09 0.12 0.37,1.01 0.25 0.28 0.34 0.83,0.12 0.04 -0.02 0.01 0.03,0.98,-0.45,0.83,85.56,122.4,0.82,1.17
,500,5,0.35 0.04 0.13 0.21 0.26,0.95 0.22 0.74 0.8 0.59,-0.05 0.05 0.41 0.39 -0.08,0.97,-0.46,0.75,48.72,67.94,0.98,1.37
,500,5,0.33 0.05 0.13 0.21 0.28,0.96 0.21 0.7 0.79 0.62,0.22 0.11 0.45 0.69 -0.01,0.97,-0.36,0.75,36.48,51.72,0.86,1.22
,500,5,0.33 0.05 0.13 0.21 0.28,0.96 0.21 0.7 0.79 0.62,0.22 0.11 0.45 0.69 -0.01,0.97,-0.36,0.75,36.48,51.72,0.86,1.22
,500,5,0.28 0.09 0.14 0.21 0.28,0.72 0.27 0.34 0.54 0.72,0.3 -0.11 6.16 3.8 1.1,0.97,-13.18,0.79,75.63,90.05,10.83,12.89
,500,5,0.32 0.05 0.13 0.23 0.27,0.93 0.21 0.84 0.87 0.63,0.08 0.02 0.2 0.33 0.05,0.96,-0.58,0.73,49.86,68.21,0.87,1.18
,500,5,0.33 0.05 0.13 0.22 0.27,0.94 0.21 0.81 0.84 0.61,0.08 0.03 0.21 0.37 -0.02,0.96,-0.56,0.73,48.6,63.78,0.79,1.04
,500,5,0.33 0.05 0.13 0.21 0.27,0.95 0.21 0.76 0.82 0.62,0.2 0.05 0.52 0.9 -0.08,0.96,-0.33,0.74,32.79,46.88,0.83,1.19
,500,5,0.25 0.09 0.19 0.21 0.26,0.61 0.26 0.56 0.73 0.63,0.34 -0.05 12.7 11.93 1.59,0.96,-18.06,0.69,79.7,93.7,13.71,16.12
,500,5,0.38 0.04 0.09 0.1 0.4,1.07 0.26 0.35 0.24 0.98,0.13 0.04 -0.02 0.03 0.02,0.98,-0.33,0.86,67.59,103.96,0.84,1.29
,500,5,0.33 0.05 0.13 0.21 0.27,0.95 0.21 0.76 0.82 0.62,0.2 0.05 0.52 0.9 -0.08,0.96,-0.33,0.74,32.79,46.88,0.83,1.19
,500,5,0.33 0.05 0.13 0.21 0.28,0.96 0.21 0.7 0.79 0.62,0.22 0.11 0.45 0.69 -0.01,0.97,-0.36,0.75,36.48,51.72,0.86,1.22
,500,5,0.35 0.05 0.13 0.21 0.26,0.95 0.22 0.78 0.81 0.59,-0.07 0.01 0.12 0.18 -0.05,0.96,-0.48,0.74,50.43,73.15,1.03,1.5
,500,6,0.35 0.04 0.08 0.07 0.28 0.18,0.96 0.11 0.43 0.15 1.21 0.56,0.37 0.06 0.15 0.29 0.38 0.18,0.99,-1.69,0.93,54.35,72.83,1.28,1.72
,500,6,0.26 0.04 0.13 0.13 0.24 0.2,1.0 0.14 0.29 0.31 0.89 0.5,0.51 0.01 9.02 2.9 3.15 1.16,0.98,-9.14,0.85,41.02,52.53,12.91,16.53
,500,6,0.33 0.03 0.09 0.08 0.28 0.19,0.92 0.1 0.53 0.18 1.22 0.65,-0.0 0.0 -0.0 0.0 0.01 0.01,0.99,-0.49,0.9,46.72,73.46,0.96,1.51
,500,6,0.28 0.03 0.04 0.05 0.31 0.29,1.07 0.12 0.09 0.08 1.12 1.13,0.18 0.03 -0.01 0.02 0.02 0.02,0.99,-0.35,0.94,83.28,118.27,0.8,1.14
,500,6,0.31 0.03 0.11 0.1 0.28 0.17,0.91 0.09 0.55 0.23 1.11 0.54,3.22 0.53 8.25 0.58 4.48 3.99,0.98,-3.71,0.88,9.86,28.15,3.47,9.91
,500,6,0.33 0.03 0.1 0.08 0.28 0.18,0.95 0.09 0.5 0.19 1.19 0.64,5.76 0.35 9.09 0.61 5.46 5.67,0.99,-3.59,0.9,7.8,23.43,2.79,8.38
,500,6,0.34 0.04 0.09 0.09 0.27 0.18,0.92 0.13 0.51 0.19 1.09 0.49,0.52 -0.05 2.37 0.08 1.08 0.67,0.99,-1.03,0.9,12.94,32.45,3.09,7.76
,500,6,0.28 0.03 0.11 0.1 0.31 0.17,0.97 0.07 0.52 0.21 1.25 0.5,1.97 0.31 11.49 -0.69 2.22 2.38,0.98,-8.5,0.89,17.32,34.89,6.68,13.46
,500,6,0.22 0.03 0.08 0.08 0.41 0.17,0.87 0.08 0.46 0.15 1.3 0.5,-0.26 0.95 4.91 5.14 -2.33 1.78,0.99,-15.4,0.91,37.16,55.47,8.39,12.53
,500,6,0.31 0.03 0.09 0.08 0.3 0.19,0.91 0.1 0.52 0.18 1.21 0.6,-0.97 -0.79 9.1 10.47 -1.09 -1.26,0.99,-12.87,0.9,24.94,40.65,5.65,9.2
,500,6,0.32 0.03 0.09 0.08 0.28 0.19,0.9 0.11 0.53 0.18 1.2 0.64,0.61 -0.05 0.14 0.55 0.24 -0.52,0.99,-2.28,0.91,43.16,59.78,1.67,2.31
,500,6,0.24 0.03 0.04 0.04 0.35 0.3,1.06 0.12 0.08 0.05 1.2 1.19,0.09 0.04 -0.01 0.01 0.04 0.06,0.99,-0.4,0.95,65.5,100.59,0.89,1.36
,500,6,0.35 0.04 0.08 0.07 0.29 0.17,0.94 0.11 0.44 0.15 1.23 0.56,0.55 0.04 0.22 0.08 0.41 0.1,0.99,-1.3,0.93,52.66,72.72,1.21,1.67
,500,6,0.27 0.05 0.11 0.11 0.25 0.21,0.87 0.14 0.21 0.23 0.96 0.56,0.24 0.06 4.14 -0.29 2.63 0.71,0.99,-4.81,0.91,43.76,57.61,6.27,8.25
,500,6,0.33 0.03 0.09 0.08 0.28 0.19,0.95 0.1 0.53 0.18 1.21 0.65,-0.17 0.04 0.02 0.01 0.16 -0.0,0.99,-0.46,0.9,19.35,29.19,1.38,2.08
,500,6,0.32 0.03 0.08 0.08 0.28 0.21,0.96 0.09 0.4 0.17 1.21 0.74,0.13 0.01 0.15 0.15 0.03 -0.07,0.99,-0.94,0.9,121.2,145.24,0.57,0.68
,500,6,0.33 0.03 0.09 0.08 0.27 0.2,0.95 0.11 0.51 0.17 1.22 0.68,0.14 0.02 0.11 0.34 0.31 0.31,0.99,-1.75,0.91,58.05,73.53,0.82,1.04
,500,6,0.33 0.03 0.09 0.08 0.27 0.2,0.95 0.11 0.51 0.18 1.23 0.68,1.1 0.02 0.07 0.65 -0.21 -0.14,0.99,-1.56,0.91,52.48,67.92,0.8,1.04
,500,6,0.33 0.03 0.09 0.08 0.27 0.2,0.97 0.12 0.51 0.17 1.24 0.7,0.54 0.03 0.05 0.35 -0.07 -0.08,0.99,-0.25,0.91,49.5,67.96,0.74,1.02
,500,6,0.33 0.03 0.09 0.08 0.28 0.19,0.95 0.1 0.54 0.18 1.19 0.53,0.56 0.04 0.11 0.11 0.4 0.07,0.99,0.16,0.91,43.56,62.69,0.67,0.97
,500,6,0.33 0.03 0.09 0.08 0.28 0.19,0.97 0.1 0.54 0.18 1.22 0.65,0.56 0.01 0.11 0.07 0.0 0.01,0.99,0.39,0.9,42.65,64.02,0.61,0.92
,500,6,0.31 0.04 0.05 0.06 0.36 0.18,0.72 0.12 0.59 0.11 1.27 0.52,0.38 0.05 0.76 -0.02 0.89 0.17,0.99,-0.05,0.96,28.39,53.41,1.32,2.48
,500,6,0.29 0.04 0.05 0.05 0.42 0.15,0.79 0.13 0.1 0.1 1.07 0.36,0.26 0.08 0.15 -0.02 0.47 0.05,0.99,-0.44,0.96,30.55,56.94,1.69,3.16
,500,6,0.24 0.07 0.13 0.14 0.23 0.19,0.76 0.22 0.36 0.45 0.66 0.46,0.2 -0.01 2.92 2.69 1.58 0.21,0.98,-1.34,0.89,41.98,55.35,3.97,5.23
,500,6,0.26 0.06 0.13 0.14 0.22 0.19,0.87 0.2 0.37 0.48 0.68 0.47,0.28 -0.01 3.1 3.34 1.42 0.26,0.98,-1.48,0.88,41.99,54.66,4.29,5.58
,500,6,0.25 0.07 0.12 0.13 0.22 0.21,0.89 0.2 0.31 0.39 0.68 0.53,0.32 -0.0 2.69 2.88 1.5 0.15,0.99,-1.14,0.89,36.46,50.76,3.66,5.1
,500,6,0.25 0.08 0.13 0.14 0.21 0.19,0.81 0.21 0.35 0.45 0.64 0.48,0.13 -0.03 2.73 3.53 1.05 0.4,0.98,-2.41,0.87,50.0,63.9,5.09,6.51
,500,6,0.27 0.06 0.14 0.14 0.21 0.19,0.96 0.17 0.38 0.5 0.69 0.49,0.2 -0.02 3.44 4.21 1.56 0.33,0.98,-1.86,0.87,46.16,58.32,4.87,6.16
,500,6,0.26 0.07 0.12 0.13 0.21 0.2,0.96 0.18 0.31 0.43 0.71 0.51,0.31 0.01 2.64 2.86 1.61 0.18,0.98,-1.16,0.89,34.95,50.71,3.62,5.25
,500,6,0.24 0.04 0.09 0.08 0.4 0.16,0.76 0.13 0.66 0.17 1.16 0.55,0.79 0.05 0.91 0.22 1.03 0.4,0.99,-0.34,0.92,26.62,45.97,1.96,3.38
,500,6,0.29 0.04 0.09 0.08 0.33 0.17,0.9 0.14 0.4 0.18 1.04 0.55,0.55 0.02 0.71 0.13 1.03 0.28,0.99,0.02,0.92,19.54,38.48,1.55,3.06
,500,6,0.27 0.06 0.13 0.14 0.21 0.19,0.93 0.2 0.38 0.5 0.65 0.49,0.34 0.04 3.38 4.08 1.53 0.26,0.98,-1.29,0.87,36.16,52.58,3.71,5.4
,500,6,0.29 0.04 0.09 0.08 0.33 0.17,0.9 0.14 0.4 0.18 1.04 0.55,0.55 0.02 0.71 0.13 1.03 0.28,0.99,0.02,0.92,19.54,38.48,1.55,3.06
,500,6,0.24 0.03 0.19 0.16 0.19 0.2,0.72 0.05 0.39 0.44 0.82 0.44,0.1 0.06 5.05 2.2 2.48 0.09,0.98,-1.9,0.82,37.23,55.08,3.97,5.87
,500,6,0.23 0.04 0.17 0.16 0.2 0.2,0.78 0.12 0.41 0.48 0.77 0.46,0.41 0.12 8.77 4.33 4.63 0.85,0.97,-4.93,0.81,44.97,56.59,7.63,9.6
,500,6,0.24 0.08 0.09 0.1 0.25 0.24,0.83 0.24 0.12 0.17 0.89 0.61,0.35 0.03 1.42 0.11 1.55 0.4,0.99,-2.56,0.91,46.79,61.02,5.09,6.64
,500,6,0.31 0.04 0.11 0.13 0.23 0.18,0.86 0.15 0.3 0.32 0.75 0.49,0.32 0.01 2.07 0.3 1.87 0.45,0.99,-0.64,0.89,24.66,45.91,2.42,4.5
,500,6,0.28 0.05 0.1 0.11 0.26 0.21,1.04 0.14 0.25 0.25 1.02 0.64,0.3 0.05 2.18 0.27 1.27 0.49,0.99,-1.3,0.9,34.47,49.74,3.69,5.32
,500,6,0.26 0.04 0.12 0.12 0.25 0.2,0.99 0.13 0.3 0.32 0.91 0.57,0.64 0.17 1.41 0.42 0.94 0.56,0.98,-0.7,0.88,22.23,41.44,2.69,5.01
,500,6,0.32 0.03 0.11 0.1 0.27 0.17,0.92 0.07 0.9 0.25 1.21 0.47,0.83 0.07 0.88 0.18 1.17 0.45,0.98,0.8,0.86,8.18,22.52,0.41,1.14
,500,2,0.41 0.59,2.62 3.5,2.18 2.92,0.88,-0.17,0.13,28.51,54.63,1.45,2.77
,500,4,0.4 0.04 0.31 0.25,1.14 0.17 1.27 0.79,1.11 0.16 1.27 0.81,0.97,0.91,0.96,4.81,15.05,0.24,0.77
,500,4,0.4 0.04 0.31 0.25,1.14 0.17 1.27 0.79,1.11 0.16 1.27 0.81,0.97,0.91,0.96,4.81,15.05,0.24,0.77
,500,4,0.39 0.04 0.31 0.26,1.08 0.18 1.26 0.84,1.1 0.18 1.32 0.87,0.95,0.97,0.94,2.72,8.62,0.14,0.43
,500,6,0.33 0.03 0.09 0.08 0.27 0.19,0.94 0.1 0.54 0.19 1.22 0.65,0.87 0.1 0.35 0.06 1.17 0.61,0.99,0.93,0.9,4.32,13.53,0.22,0.68
,500,6,0.26 0.04 0.12 0.12 0.25 0.2,0.99 0.13 0.3 0.32 0.91 0.57,0.64 0.17 1.41 0.42 0.94 0.56,0.98,-0.7,0.88,22.23,41.44,2.69,5.01
,500,6,0.27 0.04 0.12 0.12 0.25 0.2,0.99 0.13 0.3 0.32 0.91 0.57,0.64 0.16 1.39 0.42 0.93 0.54,0.98,-0.69,0.88,-0.69,0.1,22.2,41.34,2.68,5.0
,500,6,0.27 0.04 0.12 0.12 0.25 0.2,0.98,-0.69,0.88,-0.69,0.1,22.2,41.34,2.68,5.0
,500,6,0.31 0.04 0.11 0.13 0.23 0.18,0.99,-0.64,0.89,-0.64,0.11,24.66,45.91,2.42,4.5
,500,6,0.31 0.04 0.11 0.13 0.23 0.18,0.99,-0.64,0.89,-0.64,0.11,24.66,45.91,2.42,4.5
,500,6,0.28 0.03 0.13 0.12 0.23 0.2,0.98,-1.55,0.84,-1.55,0.08,21.9,38.33,3.87,6.77
,500,6,0.23 0.07 0.12 0.12 0.24 0.23,0.98,-2.49,0.87,-2.49,0.05,24.23,40.59,4.89,8.19
,500,6,0.29 0.04 0.13 0.12 0.25 0.18,0.98,-1.02,0.86,-1.02,0.1,25.33,41.79,3.41,5.62
,500,6,0.29 0.04 0.13 0.11 0.24 0.18,0.98,-1.91,0.86,-1.91,0.04,22.95,37.0,4.59,7.41
,500,6,0.3 0.05 0.11 0.09 0.25 0.2,0.99,-1.35,0.89,-1.35,0.07,18.87,36.83,3.5,6.83
,500,6,0.26 0.07 0.09 0.09 0.24 0.24,0.99,-0.4,0.92,-0.4,0.12,22.88,41.2,2.65,4.78
,500,6,0.3 0.05 0.1 0.09 0.26 0.21,0.99,-0.43,0.91,-0.43,0.15,22.87,42.37,2.51,4.65
,500,6,0.35 0.03 0.1 0.09 0.25 0.19,0.99,-0.54,0.9,-0.54,0.01,6.67,25.41,3.01,11.49
,500,6,0.28 0.04 0.12 0.12 0.24 0.2,0.98,-2.04,0.89,-2.04,0.05,23.45,38.7,4.94,8.15
,500,6,0.34 0.04 0.09 0.09 0.25 0.19,0.99,-1.91,0.91,-1.91,0.06,18.87,40.11,3.54,7.52
,500,6,0.29 0.04 0.12 0.11 0.23 0.2,0.98,-1.64,0.88,-1.64,0.06,19.83,36.09,4.62,8.41
,500,6,0.27 0.04 0.12 0.11 0.26 0.19,0.98,-1.37,0.87,-1.37,0.05,15.6,30.94,3.92,7.77
,500,6,0.33 0.03 0.1 0.09 0.27 0.17,0.99,-2.88,0.9,-2.88,0.02,17.87,43.39,4.16,10.09
,500,6,0.26 0.04 0.12 0.12 0.25 0.2,0.98,-0.7,0.88,-0.7,0.1,22.23,41.44,2.69,5.01
,500,6,0.27 0.04 0.12 0.11 0.26 0.2,0.98,-4.04,0.89,-4.04,0.01,21.03,40.63,5.75,11.11
,500,4,0.39 0.06 0.26 0.29,0.93,-7.71,0.45,-7.71,0.01,29.67,53.42,8.11,14.61
,500,6,0.29 0.1 0.11 0.09 0.17 0.24,0.99,-15.34,0.91,-15.34,0.01,113.78,127.15,10.1,11.28
,500,6,0.27 0.04 0.12 0.12 0.26 0.2,0.98,-2.31,0.88,-2.31,0.04,22.08,38.26,5.11,8.86
,500,6,0.29 0.05 0.11 0.1 0.23 0.22,0.99,-3.77,0.9,-3.77,0.02,28.8,43.62,7.54,11.42
,500,6,0.28 0.06 0.1 0.1 0.24 0.21,0.99,-3.85,0.9,-3.85,0.02,25.49,39.83,6.84,10.69
,500,6,0.25 0.06 0.11 0.12 0.25 0.21,0.98,-3.33,0.89,-3.33,0.02,28.33,43.03,6.57,9.99
,500,6,0.3 0.05 0.12 0.11 0.23 0.2,0.98,-4.03,0.89,-4.03,0.01,20.47,39.26,6.22,11.92
,500,6,0.3 0.05 0.11 0.11 0.23 0.21,0.98,-1.59,0.88,-1.59,0.06,21.14,39.53,4.63,8.66
,500,6,0.29 0.05 0.11 0.11 0.23 0.21,0.98,-1.57,0.88,-1.57,0.06,21.17,39.37,4.65,8.65
,500,6,0.3 0.05 0.11 0.11 0.23 0.21,0.98,-1.63,0.88,-1.63,0.06,21.88,40.09,4.6,8.43
,500,6,0.3 0.04 0.11 0.11 0.23 0.21,0.98,-1.78,0.88,-1.78,0.06,21.74,40.6,4.81,8.99
,500,6,0.29 0.04 0.12 0.11 0.23 0.2,0.98,-1.71,0.87,-1.71,0.06,21.5,39.93,4.8,8.91
,500,6,0.29 0.05 0.11 0.1 0.24 0.22,0.99,-1.95,0.89,-1.95,0.05,21.44,39.31,4.82,8.84
,500,6,0.29 0.04 0.12 0.11 0.24 0.21,0.98,-2.35,0.89,-2.35,0.04,22.23,40.5,5.28,9.63
,500,6,0.29 0.04 0.12 0.11 0.24 0.2,0.98,-2.44,0.88,-2.44,0.04,22.39,41.27,5.28,9.74
,500,6,0.29 0.04 0.12 0.11 0.25 0.2,0.98,-2.51,0.88,-2.51,0.03,22.7,41.44,5.41,9.87
,500,6,0.29 0.05 0.11 0.1 0.24 0.22,0.99,-2.06,0.9,-2.06,0.04,21.73,39.0,5.07,9.09
,500,6,0.29 0.05 0.11 0.1 0.24 0.22,0.99,-1.97,0.9,-1.97,0.04,21.16,38.35,5.0,9.07
,500,6,0.3 0.04 0.11 0.11 0.25 0.2,0.98,-2.11,0.89,-2.11,0.06,24.45,43.69,4.44,7.94
,500,6,0.28 0.04 0.11 0.12 0.26 0.2,0.98,-1.86,0.88,-1.86,0.07,21.87,41.56,4.03,7.65
,500,6,0.29 0.04 0.1 0.11 0.26 0.2,0.99,-1.64,0.89,-1.64,0.08,21.78,40.6,3.9,7.26
,500,6,0.32 0.04 0.11 0.1 0.24 0.2,0.98,-1.69,0.89,-1.69,0.02,16.8,35.21,4.68,9.82
,500,6,0.32 0.03 0.1 0.09 0.27 0.19,0.99,-0.8,0.89,-0.8,0.09,12.24,27.98,2.93,6.7
,500,6,0.31 0.05 0.1 0.1 0.23 0.21,0.99,-3.5,0.89,-3.5,0.01,22.19,37.91,6.86,11.71
,500,5,0.33 0.06 0.18 0.19 0.25,0.96,-9.25,0.71,-9.25,0.0,34.29,57.23,10.6,17.69
,500,6,0.25 0.05 0.14 0.14 0.21 0.2,0.98,-3.02,0.86,-3.02,0.05,38.18,54.64,5.51,7.89
,500,6,0.33 0.03 0.1 0.08 0.28 0.19,0.99,0.17,0.9,0.17,0.2,59.35,80.21,0.74,1.0
,500,6,0.33 0.03 0.1 0.08 0.28 0.19,0.99,0.17,0.9,0.17,0.2,59.35,80.21,0.74,1.0
,500,6,0.33 0.03 0.1 0.08 0.28 0.19,0.99,0.17,0.9,0.17,0.2,59.35,80.21,0.74,1.0
,500,6,0.33 0.03 0.1 0.08 0.28 0.19,0.99,0.17,0.9,0.17,0.2,59.35,80.21,0.74,1.0
,500,6,0.34 0.03 0.08 0.07 0.28 0.19,0.99,0.0,0.92,0.0,0.14,69.4,100.22,0.66,0.96
,500,6,0.35 0.04 0.1 0.09 0.23 0.19,0.99,0.07,0.9,0.07,0.11,5.35,23.15,1.54,6.68
,500,6,0.35 0.03 0.1 0.09 0.24 0.19,0.99,-0.13,0.9,-0.13,0.02,4.93,22.01,2.12,9.47
,500,6,0.33 0.03 0.09 0.08 0.27 0.19,0.99,-4.47,0.9,-4.47,0.13,3.54,9.24,5.48,14.3
,500,6,0.33 0.03 0.09 0.08 0.27 0.19,0.99,0.21,0.9,0.21,0.31,52.78,76.47,0.53,0.78
,500,6,0.29 0.04 0.1 0.09 0.3 0.19,0.99,-0.03,0.9,-0.03,0.12,6.7,24.33,1.85,6.73
,500,6,0.33 0.03 0.09 0.08 0.27 0.19,0.99,0.1,0.9,0.1,0.2,46.65,67.21,0.58,0.84
,500,6,0.28 0.04 0.1 0.09 0.3 0.19,0.99,-0.19,0.9,-0.19,0.03,5.97,22.77,2.18,8.32
,500,6,0.29 0.04 0.1 0.09 0.3 0.19,0.99,-0.3,0.9,-0.3,0.02,6.04,23.06,2.39,9.14
,500,6,0.29 0.04 0.1 0.09 0.3 0.19,0.99,-0.38,0.9,-0.38,0.01,5.99,23.13,2.45,9.47
,500,6,0.29 0.04 0.1 0.09 0.3 0.19,0.99,-0.19,0.9,-0.19,0.03,5.96,22.96,2.15,8.27
,500,6,0.29 0.04 0.09 0.09 0.3 0.2,0.99,-0.1,0.9,-0.1,0.08,6.01,23.04,2.08,7.99
,500,6,0.28 0.04 0.1 0.09 0.3 0.19,0.99,-0.22,0.9,-0.22,0.04,5.89,22.8,2.21,8.56
,500,6,0.28 0.04 0.1 0.09 0.3 0.19,0.99,-0.24,0.9,-0.24,0.03,5.84,22.68,2.23,8.67
,500,6,0.28 0.04 0.1 0.09 0.3 0.19,0.99,-0.16,0.9,-0.16,0.06,5.79,22.41,2.2,8.51
,500,6,0.28 0.04 0.1 0.09 0.3 0.2,0.99,-0.13,0.9,-0.13,0.06,5.75,22.34,2.1,8.14
,500,6,0.29 0.04 0.1 0.09 0.3 0.19,0.99,-0.27,0.9,-0.27,0.02,5.87,22.58,2.33,8.98
,500,6,0.29 0.04 0.1 0.09 0.3 0.19,0.99,-0.27,0.9,-0.27,0.02,5.86,22.62,2.3,8.89
,500,6,0.29 0.04 0.1 0.09 0.3 0.19,0.99,-0.32,0.9,-0.32,0.02,5.9,22.71,2.45,9.44
,500,6,0.29 0.04 0.1 0.09 0.3 0.19,0.99,-0.23,0.9,-0.23,0.03,5.78,22.39,2.23,8.65
,500,6,0.29 0.04 0.1 0.09 0.3 0.19,0.99,-0.23,0.9,-0.23,0.03,5.8,22.45,2.26,8.75
,500,6,0.28 0.04 0.1 0.09 0.3 0.19,0.99,-0.19,0.9,-0.19,0.04,5.99,22.82,2.06,7.84
,500,6,0.28 0.04 0.1 0.09 0.3 0.19,0.99,-0.06,0.9,-0.06,0.08,6.04,22.91,1.91,7.26
,500,6,0.26 0.04 0.12 0.12 0.25 0.2,0.98,-0.7,0.88,-0.7,0.1,22.23,41.44,2.69,5.01
,500,6,0.23 0.06 0.17 0.16 0.19 0.19,0.98,-3.34,0.82,-3.34,0.05,43.41,59.67,5.35,7.35
,500,6,0.28 0.04 0.13 0.12 0.24 0.19,0.98,-1.97,0.87,-1.97,0.06,20.33,37.11,4.18,7.64
,500,6,0.29 0.05 0.11 0.1 0.23 0.21,0.98,-1.66,0.89,-1.66,0.05,24.49,43.02,4.32,7.58
,500,6,0.3 0.04 0.12 0.12 0.23 0.19,0.98,-1.67,0.87,-1.67,0.06,23.19,41.38,4.42,7.88
,500,6,0.3 0.04 0.12 0.12 0.23 0.19,0.98,-2.73,0.86,-2.73,0.04,26.65,48.53,5.22,9.5
,500,6,0.3 0.04 0.12 0.11 0.23 0.2,0.98,-3.19,0.87,-3.19,0.04,32.23,48.47,6.76,10.17
,500,6,0.29 0.04 0.11 0.11 0.24 0.2,0.98,-3.45,0.88,-3.45,0.03,28.83,46.08,6.38,10.19
,500,6,0.28 0.05 0.12 0.11 0.23 0.21,0.98,-2.86,0.89,-2.86,0.03,24.82,42.04,5.65,9.56
,500,6,0.28 0.05 0.11 0.1 0.23 0.22,0.99,-2.99,0.9,-2.99,0.03,28.67,44.42,6.23,9.65
,500,6,0.28 0.05 0.11 0.1 0.23 0.22,0.99,-2.99,0.9,-2.99,0.03,28.67,44.42,6.23,9.65
,500,6,0.3 0.05 0.1 0.09 0.23 0.22,0.99,-2.51,0.91,-2.51,0.03,24.27,42.06,5.18,8.98
,500,6,0.3 0.05 0.11 0.1 0.23 0.22,0.99,-3.32,0.89,-3.32,0.03,31.9,46.74,6.98,10.22
,500,6,0.31 0.05 0.1 0.09 0.23 0.21,0.99,-2.89,0.9,-2.89,0.03,29.5,44.61,6.41,9.69
,500,6,0.29 0.05 0.11 0.1 0.23 0.22,0.99,-2.71,0.9,-2.71,0.03,26.34,43.16,5.7,9.34
,500,6,0.29 0.05 0.11 0.1 0.23 0.22,0.99,-3.65,0.9,-3.65,0.03,32.07,48.6,6.8,10.3
,500,6,0.3 0.05 0.1 0.09 0.23 0.22,0.99,-2.16,0.9,-2.16,0.04,23.52,39.93,5.06,8.59
,500,6,0.26 0.09 0.11 0.11 0.21 0.22,0.99,-1.85,0.89,-1.85,0.05,24.11,37.42,5.07,7.88
,500,6,0.27 0.08 0.11 0.1 0.21 0.23,0.99,-2.69,0.9,-2.69,0.04,28.81,40.47,6.41,9.01
,500,6,0.29 0.06 0.11 0.11 0.22 0.21,0.98,-5.33,0.89,-5.33,0.01,41.7,52.15,9.37,11.72
,500,6,0.27 0.08 0.11 0.1 0.21 0.23,0.99,-2.75,0.89,-2.75,0.04,28.77,40.43,6.52,9.16
,500,6,0.26 0.09 0.11 0.11 0.21 0.22,0.98,-2.18,0.88,-2.18,0.04,22.98,37.4,5.22,8.49
,500,6,0.26 0.08 0.12 0.11 0.21 0.21,0.98,-2.84,0.87,-2.84,0.03,22.53,36.5,5.93,9.61
,500,6,0.24 0.1 0.09 0.09 0.2 0.28,0.99,-24.91,0.91,-24.91,0.0,146.51,165.61,12.38,13.99
,500,6,0.37 0.07 0.1 0.08 0.14 0.24,0.99,-18.98,0.92,-18.98,0.0,115.19,137.06,10.51,12.51
,500,6,0.38 0.07 0.09 0.08 0.14 0.24,0.99,-9.74,0.92,-9.74,0.02,80.45,99.96,7.47,9.28
,500,6,0.36 0.08 0.11 0.09 0.14 0.23,0.99,-8.59,0.91,-8.59,0.03,76.09,95.34,6.92,8.67
,500,6,0.38 0.05 0.11 0.09 0.17 0.2,0.99,-4.69,0.91,-4.69,0.04,41.37,67.65,4.9,8.01
,500,6,0.29 0.04 0.14 0.12 0.19 0.23,0.98,-10.25,0.88,-10.25,0.01,78.23,92.88,9.24,10.97
,500,6,0.35 0.05 0.12 0.1 0.16 0.22,0.98,-5.23,0.89,-5.23,0.03,51.47,69.01,6.38,8.55
,500,6,0.32 0.06 0.15 0.09 0.18 0.2,0.99,-8.9,0.9,-8.9,0.02,77.37,92.83,7.61,9.13
,500,6,0.26 0.06 0.03 0.05 0.32 0.27,0.99,-0.04,0.95,-0.04,0.1,31.79,52.24,1.78,2.92
,500,6,0.28 0.05 0.03 0.05 0.27 0.31,0.99,-0.13,0.95,-0.13,0.09,34.02,54.26,1.9,3.03
,500,6,0.25 0.03 0.04 0.08 0.38 0.22,0.99,-0.31,0.92,-0.31,0.04,38.84,57.69,2.18,3.23
,500,6,0.28 0.05 0.03 0.06 0.27 0.31,0.99,-0.09,0.94,-0.09,0.1,32.31,53.11,1.81,2.98
,500,6,0.25 0.04 0.04 0.07 0.36 0.23,0.99,-0.38,0.93,-0.38,0.14,42.13,59.2,2.38,3.34
,500,6,0.26 0.05 0.04 0.07 0.34 0.25,0.99,-0.21,0.94,-0.21,0.07,35.16,55.58,1.98,3.13
,500,6,0.25 0.05 0.04 0.07 0.36 0.23,0.99,-0.34,0.94,-0.34,0.05,40.69,58.61,2.31,3.32
,500,6,0.26 0.05 0.04 0.07 0.35 0.24,0.99,-0.34,0.94,-0.34,0.05,40.38,58.44,2.29,3.31
,500,6,0.26 0.05 0.04 0.07 0.33 0.26,0.99,-0.22,0.94,-0.22,0.07,35.65,55.8,2.02,3.16
,500,6,0.36 0.02 0.04 0.07 0.25 0.26,0.99,-0.08,0.91,-0.08,0.07,37.71,53.19,1.93,2.72
,500,6,0.33 0.04 0.04 0.05 0.29 0.26,0.99,-0.17,0.93,-0.17,0.0,26.46,55.58,1.34,2.82
,500,6,0.34 0.05 0.04 0.05 0.25 0.27,0.99,0.06,0.93,0.06,0.12,32.0,49.98,1.63,2.55
,500,6,0.32 0.04 0.04 0.05 0.29 0.26,0.99,-0.26,0.93,-0.26,0.01,35.78,57.73,1.81,2.93
,500,6,0.29 0.04 0.04 0.08 0.37 0.18,0.99,-0.2,0.94,-0.2,0.15,39.45,55.66,2.17,3.06
,500,6,0.3 0.06 0.03 0.05 0.21 0.36,0.99,-0.2,0.96,-0.2,0.1,37.52,56.15,2.03,3.04
,500,6,0.36 0.03 0.02 0.05 0.18 0.36,0.99,-0.33,0.96,-0.33,0.05,34.67,59.12,1.87,3.19
,500,6,0.22 0.05 0.03 0.06 0.4 0.23,0.99,-0.22,0.95,-0.22,0.06,34.63,56.47,1.89,3.09
,500,6,0.26 0.05 0.03 0.06 0.36 0.24,0.99,-0.29,0.94,-0.29,0.06,37.96,57.64,2.14,3.25
,500,6,0.34 0.03 0.04 0.06 0.3 0.23,0.99,-0.43,0.92,-0.43,0.01,40.7,61.48,2.07,3.13
,500,6,0.32 0.05 0.03 0.05 0.32 0.22,0.99,-0.15,0.93,-0.15,0.0,29.07,55.17,1.47,2.8
,500,6,0.31 0.05 0.04 0.06 0.31 0.23,0.99,-0.08,0.92,-0.08,0.0,29.68,53.38,1.51,2.71
,500,6,0.35 0.04 0.04 0.06 0.31 0.21,0.99,-0.15,0.92,-0.15,0.01,29.7,55.09,1.51,2.81
,500,6,0.39 0.03 0.04 0.06 0.23 0.25,0.99,-0.12,0.92,-0.12,0.0,33.29,54.4,1.7,2.78
,500,6,0.32 0.04 0.04 0.05 0.32 0.23,0.99,-0.44,0.93,-0.44,0.02,40.53,61.62,2.06,3.14
,500,6,0.33 0.03 0.04 0.06 0.32 0.22,0.99,-0.4,0.92,-0.4,0.01,40.81,60.71,2.08,3.1
,500,6,0.3 0.03 0.04 0.06 0.32 0.25,0.99,-0.17,0.92,-0.17,0.0,35.54,55.41,1.81,2.82
,500,6,0.27 0.05 0.04 0.06 0.33 0.26,0.99,-0.26,0.94,-0.26,0.07,36.1,57.01,2.03,3.21
,500,6,0.26 0.05 0.03 0.06 0.33 0.26,0.99,-0.27,0.94,-0.27,0.07,37.66,57.15,2.13,3.23
,500,6,0.25 0.05 0.03 0.06 0.33 0.27,0.99,-0.35,0.94,-0.35,0.06,40.84,58.81,2.32,3.34
,500,6,0.35 0.03 0.04 0.07 0.26 0.26,0.99,-0.15,0.91,-0.15,0.0,34.79,54.91,1.78,2.81
,500,6,0.29 0.05 0.03 0.06 0.32 0.24,0.99,-0.25,0.94,-0.25,0.07,35.14,56.96,1.96,3.18
,500,6,0.41 0.03 0.04 0.07 0.21 0.24,0.99,-0.31,0.92,-0.31,0.0,37.65,58.82,1.91,2.98
,500,6,0.29 0.05 0.03 0.06 0.32 0.24,0.99,-0.25,0.94,-0.25,0.07,35.14,56.96,1.96,3.18
,500,6,0.27 0.03 0.04 0.08 0.36 0.22,0.99,-0.26,0.93,-0.26,0.15,43.13,56.61,2.42,3.18
,500,6,0.29 0.03 0.04 0.08 0.36 0.21,0.99,-1.88,0.93,-1.88,0.12,65.86,85.85,3.64,4.75
,500,6,0.26 0.05 0.03 0.06 0.29 0.31,0.99,-0.44,0.95,-0.44,0.03,44.81,61.22,2.5,3.41
,500,6,0.25 0.04 0.03 0.05 0.3 0.32,0.99,-0.26,0.95,-0.26,0.04,38.19,57.26,2.12,3.18
,500,6,0.3 0.04 0.04 0.07 0.3 0.25,0.99,-0.15,0.93,-0.15,0.18,38.81,54.69,2.12,2.99
,500,6,0.41 0.03 0.04 0.07 0.21 0.24,0.99,-0.31,0.92,-0.31,0.0,37.65,58.82,1.91,2.98
,500,6,0.26 0.04 0.04 0.08 0.35 0.23,0.99,-0.02,0.94,-0.02,0.19,34.01,51.66,1.82,2.77
,500,6,0.29 0.07 0.09 0.09 0.25 0.21,0.99,-2.58,0.92,-2.58,0.08,28.65,44.56,4.27,6.63
,500,6,0.35 0.05 0.14 0.09 0.16 0.19,0.99,-8.46,0.9,-8.46,0.02,76.36,91.09,7.43,8.86
,500,6,0.24 0.05 0.03 0.05 0.32 0.3,0.99,-0.01,0.96,-0.01,0.12,32.64,51.33,1.78,2.79
,500,6,0.24 0.06 0.04 0.07 0.37 0.22,0.99,-0.23,0.94,-0.23,0.06,36.09,56.33,1.98,3.09
,500,6,0.24 0.06 0.03 0.07 0.33 0.28,0.99,-0.27,0.93,-0.27,0.04,35.86,56.74,2.03,3.22
,500,6,0.37 0.02 0.04 0.07 0.26 0.24,0.99,-0.03,0.91,-0.03,0.12,36.22,52.04,1.85,2.66
,500,6,0.27 0.06 0.03 0.06 0.3 0.28,0.99,-0.08,0.95,-0.08,0.08,31.16,53.25,1.74,2.98
,500,6,0.26 0.04 0.04 0.06 0.35 0.25,0.99,-0.22,0.94,-0.22,0.07,36.3,56.06,2.05,3.17
,500,6,0.32 0.03 0.04 0.06 0.31 0.25,0.99,-0.21,0.92,-0.21,0.01,29.57,56.33,1.51,2.88
,500,6,0.33 0.02 0.04 0.06 0.37 0.18,0.99,-0.53,0.92,-0.53,0.02,39.06,63.32,1.99,3.22
,500,6,0.3 0.05 0.03 0.05 0.26 0.31,0.99,-0.29,0.95,-0.29,0.06,34.09,57.39,1.89,3.18
,500,6,0.29 0.06 0.03 0.06 0.28 0.27,0.99,-0.28,0.94,-0.28,0.08,36.66,57.43,2.05,3.21
,500,6,0.29 0.05 0.04 0.07 0.33 0.23,0.99,-0.21,0.94,-0.21,0.07,36.69,55.49,2.06,3.12
,500,6,0.28 0.05 0.04 0.07 0.34 0.22,0.99,-0.79,0.94,-0.79,0.06,46.95,67.58,2.63,3.79
,500,6,0.24 0.09 0.09 0.1 0.28 0.2,0.99,-6.62,0.91,-6.62,0.05,53.2,69.28,6.96,9.07
,500,6,0.24 0.09 0.08 0.09 0.28 0.22,0.99,-4.27,0.92,-4.27,0.08,41.03,57.09,5.5,7.66
,500,6,0.29 0.05 0.03 0.06 0.27 0.3,0.99,-0.3,0.94,-0.3,0.06,40.0,57.64,2.25,3.24
,500,6,0.27 0.04 0.03 0.07 0.37 0.22,0.99,-1.19,0.94,-1.19,0.07,52.11,74.64,2.92,4.19
,500,6,0.29 0.05 0.04 0.07 0.33 0.23,0.99,-0.21,0.94,-0.21,0.07,36.69,55.49,2.06,3.12
,500,6,0.27 0.04 0.04 0.08 0.26 0.31,0.99,-0.23,0.91,-0.23,0.07,33.81,55.84,2.07,3.42
,500,6,0.36 0.04 0.07 0.12 0.15 0.27,0.98,-0.44,0.86,-0.44,0.07,46.51,62.05,2.47,3.29
,500,6,0.23 0.04 0.04 0.07 0.4 0.22,0.99,-0.08,0.95,-0.08,0.1,31.61,52.85,1.73,2.89
,500,6,0.45 0.04 0.06 0.09 0.16 0.21,0.99,-0.56,0.9,-0.56,0.05,47.58,65.3,2.48,3.41
,500,6,0.43 0.04 0.06 0.08 0.16 0.23,0.99,-0.07,0.91,-0.07,0.1,35.61,54.24,1.82,2.77
,500,6,0.35 0.03 0.05 0.07 0.24 0.27,0.99,-1.12,0.93,-1.12,0.01,51.31,74.7,3.02,4.39
,500,6,0.25 0.06 0.04 0.07 0.37 0.22,0.99,-0.25,0.94,-0.25,0.12,37.44,56.77,2.06,3.12
,500,6,0.3 0.04 0.02 0.05 0.23 0.35,0.99,-0.32,0.96,-0.32,0.04,40.34,58.7,2.19,3.19
,500,6,0.27 0.04 0.04 0.08 0.37 0.19,0.99,-0.08,0.94,-0.08,0.16,36.79,52.77,2.02,2.89
,500,6,0.34 0.04 0.03 0.06 0.17 0.37,0.99,-0.54,0.95,-0.54,0.05,47.09,62.95,2.55,3.41
,500,6,0.29 0.04 0.02 0.05 0.24 0.37,0.99,-2.1,0.96,-2.1,0.0,64.79,90.34,3.39,4.73
,500,6,0.26 0.07 0.03 0.06 0.32 0.26,0.99,0.03,0.96,0.03,0.13,30.04,50.37,1.63,2.73
,500,6,0.26 0.04 0.02 0.05 0.32 0.31,0.99,-0.02,0.96,-0.02,0.11,30.38,51.76,1.63,2.78
,500,6,0.24 0.04 0.04 0.08 0.39 0.21,0.99,-0.3,0.94,-0.3,0.16,41.11,57.87,2.26,3.18
,500,6,0.27 0.06 0.03 0.06 0.22 0.37,0.99,-0.38,0.95,-0.38,0.07,44.09,60.22,2.41,3.29
,500,6,0.27 0.06 0.03 0.06 0.26 0.31,0.99,-0.39,0.94,-0.39,0.08,40.37,59.85,2.27,3.36
,500,6,0.23 0.04 0.04 0.07 0.4 0.22,0.99,-0.08,0.95,-0.08,0.1,31.61,52.85,1.73,2.89
,500,6,0.24 0.04 0.05 0.08 0.38 0.21,0.99,-0.2,0.94,-0.2,0.18,38.1,55.64,2.09,3.06
,500,6,0.22 0.04 0.04 0.08 0.41 0.2,0.99,-0.16,0.94,-0.16,0.19,37.44,54.68,2.06,3.0
,500,6,0.35 0.1 0.04 0.05 0.28 0.18,0.99,-0.11,0.91,-0.11,0.05,36.58,54.53,1.85,2.75
,500,6,0.32 0.07 0.13 0.1 0.15 0.23,0.98,-11.75,0.89,-11.75,0.01,94.69,109.09,8.72,10.04
,500,6,0.38 0.08 0.1 0.09 0.16 0.19,0.99,-8.48,0.92,-8.48,0.01,81.89,98.42,7.26,8.73
,500,6,0.36 0.07 0.04 0.06 0.27 0.21,0.99,-0.32,0.92,-0.32,0.03,41.64,59.54,2.1,3.01
,500,6,0.32 0.04 0.19 0.14 0.16 0.15,0.98,-7.14,0.85,-7.14,0.02,74.38,88.37,7.06,8.39
,500,6,0.31 0.07 0.11 0.09 0.17 0.24,0.99,-10.71,0.91,-10.71,0.0,90.39,104.64,8.33,9.64
,500,6,0.34 0.07 0.11 0.09 0.14 0.24,0.99,-10.36,0.9,-10.36,0.01,87.29,102.62,8.13,9.56
,500,6,0.39 0.07 0.09 0.08 0.15 0.21,0.99,-15.88,0.92,-15.88,0.01,107.31,126.04,9.86,11.58
,500,6,0.37 0.05 0.04 0.06 0.2 0.28,0.99,-1.39,0.91,-1.39,0.01,59.3,79.96,3.0,4.05
,500,6,0.29 0.11 0.04 0.05 0.19 0.32,0.99,-0.3,0.92,-0.3,0.07,34.94,59.03,1.76,2.98
,500,6,0.26 0.1 0.05 0.07 0.21 0.3,0.99,-0.49,0.9,-0.49,0.02,46.77,62.63,2.4,3.21
,500,6,0.3 0.12 0.04 0.06 0.21 0.26,0.99,-0.31,0.91,-0.31,0.04,35.69,58.99,1.81,3.0
,500,6,0.31 0.11 0.04 0.07 0.22 0.24,0.99,-1.74,0.9,-1.74,0.0,62.53,85.02,3.19,4.34
,500,6,0.31 0.11 0.04 0.07 0.22 0.24,0.99,-1.74,0.9,-1.74,0.0,62.53,85.02,3.19,4.34
,500,6,0.31 0.08 0.05 0.07 0.25 0.24,0.99,-0.34,0.91,-0.34,0.05,32.62,59.61,1.66,3.04
,500,6,0.31 0.08 0.05 0.07 0.25 0.24,0.99,-0.34,0.91,-0.34,0.05,32.62,59.61,1.66,3.04
,500,6,0.28 0.11 0.05 0.07 0.2 0.3,0.99,-0.57,0.9,-0.57,0.02,44.79,64.5,2.3,3.31
,500,6,0.18 0.16 0.05 0.08 0.23 0.3,0.99,-0.48,0.9,-0.48,0.02,44.63,62.64,2.27,3.18
,500,6,0.18 0.16 0.05 0.08 0.23 0.3,0.99,-0.48,0.9,-0.48,0.02,44.63,62.64,2.27,3.18
,500,6,0.18 0.08 0.03 0.04 0.32 0.35,0.99,-2.02,0.92,-2.02,0.02,74.42,89.98,3.72,4.49
,500,6,0.35 0.1 0.06 0.08 0.11 0.3,0.99,-2.14,0.89,-2.14,0.0,71.56,90.96,3.63,4.61
,500,6,0.2 0.05 0.04 0.05 0.39 0.28,0.99,-5.34,0.9,-5.34,0.03,104.81,130.02,5.27,6.53
,500,6,0.2 0.05 0.04 0.05 0.39 0.28,0.99,-5.34,0.9,-5.34,0.03,104.81,130.02,5.27,6.53
,500,6,0.27 0.09 0.05 0.06 0.32 0.21,0.98,-0.68,0.88,-0.68,0.12,45.56,66.9,2.31,3.39
,500,6,0.34 0.05 0.04 0.04 0.27 0.26,0.99,-0.4,0.92,-0.4,0.01,46.98,61.24,2.35,3.07
,500,6,0.38 0.04 0.05 0.08 0.2 0.24,0.99,-0.09,0.91,-0.09,0.07,33.14,54.94,1.71,2.83
,500,6,0.33 0.08 0.03 0.04 0.3 0.22,0.99,-0.08,0.92,-0.08,0.03,36.81,54.18,1.83,2.69
,500,6,0.4 0.04 0.05 0.08 0.21 0.22,0.99,-0.14,0.91,-0.14,0.06,37.57,56.53,1.92,2.89
,500,6,0.4 0.04 0.05 0.08 0.2 0.23,0.99,-0.2,0.91,-0.2,0.05,40.06,58.08,2.04,2.96
,500,6,0.33 0.08 0.03 0.04 0.3 0.22,0.99,-0.07,0.92,-0.07,0.03,36.11,53.78,1.79,2.67
,500,6,0.27 0.05 0.05 0.06 0.33 0.24,0.99,-3.19,0.89,-3.19,0.02,86.68,105.7,4.37,5.33
,500,6,0.41 0.05 0.05 0.08 0.17 0.24,0.99,-0.08,0.91,-0.08,0.08,35.12,54.62,1.82,2.84
,500,6,0.38 0.04 0.05 0.08 0.2 0.24,0.99,-0.09,0.91,-0.09,0.07,33.14,54.94,1.71,2.83
,500,6,0.33 0.04 0.04 0.06 0.26 0.27,0.99,-0.9,0.93,-0.9,0.01,48.72,71.13,2.9,4.24
,500,6,0.4 0.05 0.07 0.09 0.17 0.23,0.99,-0.2,0.9,-0.2,0.05,38.52,57.61,2.01,3.01
,500,6,0.46 0.04 0.05 0.08 0.16 0.22,0.99,-0.34,0.92,-0.34,0.07,42.9,60.74,2.2,3.12
,500,6,0.27 0.05 0.05 0.06 0.33 0.24,0.99,-3.19,0.89,-3.19,0.02,86.68,105.7,4.37,5.33
,500,6,0.3 0.13 0.04 0.05 0.3 0.18,0.99,-0.1,0.9,-0.1,0.09,39.46,54.28,1.99,2.74
,500,6,0.3 0.07 0.04 0.04 0.3 0.25,0.99,-0.16,0.92,-0.16,0.02,39.41,55.81,1.97,2.79
,500,6,0.22 0.06 0.05 0.06 0.39 0.21,0.99,-5.67,0.89,-5.67,0.03,109.21,133.44,5.51,6.73
,500,6,0.26 0.08 0.05 0.05 0.26 0.31,0.99,-0.67,0.9,-0.67,0.01,45.44,66.78,2.29,3.36
,500,6,0.26 0.08 0.05 0.05 0.28 0.29,0.99,-0.37,0.9,-0.37,0.02,42.97,60.49,2.16,3.04
,500,6,0.4 0.05 0.05 0.08 0.17 0.26,0.99,-0.16,0.92,-0.16,0.06,36.36,56.71,1.89,2.95
,500,6,0.4 0.04 0.05 0.08 0.2 0.23,0.99,-0.16,0.91,-0.16,0.05,38.56,57.01,1.99,2.94
,500,6,0.32 0.08 0.03 0.04 0.3 0.22,0.99,-0.33,0.92,-0.33,0.01,44.55,59.92,2.22,2.99
,500,6,0.25 0.08 0.05 0.05 0.27 0.3,0.99,-0.86,0.9,-0.86,0.01,51.3,70.48,2.58,3.55
,500,6,0.25 0.03 0.04 0.05 0.41 0.22,0.99,-6.01,0.91,-6.01,0.07,110.8,136.74,5.56,6.86
,500,6,0.22 0.07 0.05 0.06 0.38 0.22,0.99,-4.39,0.89,-4.39,0.03,97.5,119.94,4.92,6.05
,500,6,0.24 0.06 0.05 0.05 0.34 0.26,0.99,-3.29,0.9,-3.29,0.02,88.04,107.14,4.43,5.39
,500,6,0.35 0.07 0.04 0.05 0.31 0.18,0.99,-0.16,0.91,-0.16,0.05,36.38,55.64,1.83,2.8
,500,6,0.24 0.08 0.05 0.06 0.27 0.3,0.99,-0.85,0.9,-0.85,0.01,50.55,70.27,2.55,3.54
,500,6,0.34 0.05 0.04 0.04 0.27 0.26,0.99,-0.4,0.92,-0.4,0.01,46.98,61.24,2.35,3.07
,500,6,0.43 0.04 0.06 0.08 0.16 0.23,0.99,-0.07,0.91,-0.07,0.1,35.61,54.24,1.82,2.77
,500,6,0.38 0.04 0.05 0.08 0.2 0.24,0.99,-0.09,0.91,-0.09,0.07,33.14,54.94,1.71,2.83
,500,6,0.29 0.07 0.11 0.09 0.2 0.25,0.99,-14.25,0.92,-14.25,0.01,108.2,120.39,9.79,10.89
,500,6,0.37 0.04 0.1 0.1 0.19 0.2,0.99,-5.69,0.9,-5.69,0.05,51.46,75.9,5.55,8.18
,500,6,0.23 0.06 0.11 0.12 0.27 0.21,0.99,-3.27,0.9,-3.27,0.08,35.23,55.99,4.12,6.55
,500,6,0.36 0.09 0.1 0.08 0.15 0.22,0.99,-14.5,0.92,-14.5,0.01,105.72,119.98,9.77,11.09
,500,6,0.28 0.09 0.11 0.09 0.18 0.26,0.99,-7.82,0.92,-7.82,0.01,84.63,98.2,7.27,8.43
,500,6,0.24 0.13 0.08 0.07 0.2 0.27,0.99,-4.59,0.93,-4.59,0.04,60.81,77.67,5.37,6.86
,500,6,0.25 0.13 0.09 0.09 0.19 0.24,0.99,-9.0,0.92,-9.0,0.01,94.63,110.93,7.56,8.86
,500,6,0.28 0.1 0.09 0.08 0.21 0.24,0.99,-8.59,0.93,-8.59,0.0,94.69,111.86,7.39,8.73
,500,6,0.31 0.08 0.11 0.09 0.18 0.24,0.99,-7.55,0.92,-7.55,0.01,82.86,96.15,7.17,8.32
,500,6,0.28 0.09 0.11 0.09 0.18 0.26,0.99,-7.82,0.92,-7.82,0.01,84.63,98.2,7.27,8.43
,500,6,0.26 0.04 0.04 0.07 0.42 0.18,0.99,-0.21,0.95,-0.21,0.17,34.17,55.86,1.83,3.0
,500,6,0.24 0.04 0.02 0.05 0.28 0.37,0.99,-0.29,0.96,-0.29,0.01,39.39,58.01,2.13,3.14
,500,6,0.27 0.05 0.03 0.08 0.35 0.22,0.99,-0.41,0.94,-0.41,0.03,45.99,60.45,2.52,3.32
,500,6,0.3 0.04 0.04 0.08 0.36 0.19,0.99,-0.47,0.94,-0.47,0.17,49.58,62.12,2.63,3.29
,500,6,0.3 0.04 0.04 0.08 0.36 0.19,0.99,-0.47,0.94,-0.47,0.17,49.58,62.12,2.63,3.29
,500,6,0.3 0.04 0.04 0.08 0.36 0.19,0.99,-0.47,0.94,-0.47,0.17,49.58,62.12,2.63,3.29
,500,6,0.21 0.12 0.04 0.07 0.38 0.18,0.99,-0.38,0.93,-0.38,0.17,38.0,60.42,1.93,3.06
,500,6,0.26 0.05 0.02 0.04 0.31 0.32,0.99,-0.14,0.96,-0.14,0.08,33.61,54.82,1.77,2.88
,500,6,0.26 0.05 0.02 0.04 0.31 0.32,0.99,-0.14,0.96,-0.14,0.08,33.61,54.82,1.77,2.88
,500,6,0.31 0.06 0.03 0.07 0.33 0.2,0.99,-0.4,0.94,-0.4,0.01,43.62,60.66,2.31,3.21
,500,6,0.26 0.04 0.04 0.07 0.38 0.2,0.99,-0.15,0.94,-0.15,0.18,37.42,54.49,2.05,2.98
,500,6,0.25 0.04 0.04 0.08 0.38 0.21,0.99,-0.27,0.94,-0.27,0.16,40.79,57.33,2.24,3.15
,500,6,0.25 0.05 0.05 0.08 0.32 0.26,0.99,-0.15,0.93,-0.15,0.1,35.3,54.27,1.94,2.98
,500,6,0.25 0.05 0.05 0.08 0.32 0.26,0.99,-0.15,0.93,-0.15,0.1,35.3,54.27,1.94,2.98
,500,6,0.25 0.05 0.05 0.08 0.32 0.26,0.99,-0.15,0.93,-0.15,0.1,35.3,54.27,1.94,2.98
,500,6,0.25 0.05 0.05 0.08 0.32 0.26,0.99,-0.15,0.93,-0.15,0.1,35.3,54.27,1.94,2.98
,500,6,0.25 0.04 0.04 0.07 0.39 0.21,0.99,-0.24,0.94,-0.24,0.02,36.9,56.76,2.02,3.1
,500,6,0.25 0.04 0.03 0.06 0.34 0.27,0.99,0.03,0.95,0.03,0.13,31.55,50.14,1.73,2.74
,500,6,0.24 0.05 0.05 0.08 0.38 0.21,0.99,-0.23,0.93,-0.23,0.08,38.31,56.31,2.11,3.1
,500,6,0.31 0.06 0.03 0.05 0.33 0.23,0.99,-0.28,0.96,-0.28,0.08,34.0,58.59,1.74,3.0
,500,6,0.37 0.03 0.03 0.08 0.27 0.22,0.99,-0.13,0.93,-0.13,0.09,35.9,54.92,1.87,2.87
,500,6,0.37 0.03 0.03 0.08 0.27 0.22,0.99,-0.13,0.93,-0.13,0.09,35.9,54.92,1.87,2.87
,500,6,0.26 0.1 0.07 0.08 0.28 0.21,0.99,-2.59,0.93,-2.59,0.1,43.55,60.31,4.23,5.85
,500,6,0.25 0.05 0.04 0.07 0.39 0.2,0.99,-0.32,0.94,-0.32,0.11,40.57,58.43,2.23,3.21
,500,6,0.28 0.05 0.03 0.06 0.28 0.31,0.99,-0.25,0.96,-0.25,0.07,39.72,57.13,2.16,3.1
,500,6,0.23 0.04 0.04 0.07 0.4 0.22,0.99,-0.08,0.95,-0.08,0.1,31.61,52.85,1.73,2.89
,500,6,0.34 0.05 0.04 0.04 0.27 0.26,0.99,-0.4,0.92,-0.4,0.01,46.98,61.24,2.35,3.07
,500,6,0.34 0.05 0.04 0.04 0.27 0.26,0.99,-0.4,0.92,-0.4,0.01,46.98,61.24,2.35,3.07
,500,6,0.41 0.03 0.04 0.07 0.21 0.23,0.99,0.01,0.93,0.01,0.14,32.53,51.95,1.7,2.72
,500,6,0.34 0.05 0.04 0.04 0.27 0.26,0.99,-0.4,0.92,-0.4,0.01,46.98,61.24,2.35,3.07
,500,6,0.33 0.02 0.04 0.06 0.37 0.18,0.99,-0.53,0.92,-0.53,0.02,39.06,63.32,1.99,3.22
,500,6,0.28 0.09 0.11 0.09 0.18 0.26,0.99,-7.82,0.92,-7.82,0.01,84.63,98.2,7.27,8.43
,500,6,0.43 0.04 0.06 0.08 0.16 0.23,0.99,-0.07,0.91,-0.07,0.1,35.61,54.24,1.82,2.77
,500,6,0.23 0.04 0.04 0.07 0.4 0.22,0.99,-0.08,0.95,-0.08,0.1,31.61,52.85,1.73,2.89
,500,6,0.34 0.05 0.04 0.04 0.27 0.26,0.99,-0.4,0.92,-0.4,0.01,46.98,61.24,2.35,3.07
,500,6,0.34 0.05 0.04 0.04 0.27 0.26,0.99,-0.4,0.92,-0.4,0.01,46.98,61.24,2.35,3.07
,500,6,0.34 0.05 0.04 0.04 0.27 0.26,0.99,-0.4,0.92,-0.4,0.01,46.98,61.24,2.35,3.07
,500,6,0.34 0.05 0.04 0.04 0.27 0.26,0.99,-0.4,0.92,-0.4,0.01,46.98,61.24,2.35,3.07
,500,6,0.33 0.02 0.04 0.06 0.37 0.18,0.99,-0.53,0.92,-0.53,0.02,39.06,63.32,1.99,3.22
,500,6,0.28 0.09 0.11 0.09 0.18 0.26,0.99,-7.82,0.92,-7.82,0.01,84.63,98.2,7.27,8.43
,500,6,0.43 0.04 0.06 0.08 0.16 0.23,0.99,-0.07,0.91,-0.07,0.1,35.61,54.24,1.82,2.77
,500,6,0.23 0.04 0.04 0.07 0.4 0.22,0.99,-0.08,0.95,-0.08,0.1,31.61,52.85,1.73,2.89
,500,6,0.31 0.04 0.12 0.12 0.24 0.18,0.98,-2.41,0.88,-2.41,0.06,30.94,48.14,4.97,7.73
,500,6,0.26 0.03 0.1 0.09 0.37 0.16,0.99,-0.94,0.9,-0.94,0.16,24.39,41.95,2.51,4.32
,500,6,0.32 0.03 0.11 0.1 0.27 0.17,0.98,0.8,0.86,0.8,0.81,8.18,22.52,0.41,1.14
,500,6,0.32 0.03 0.11 0.1 0.27 0.17,0.98,0.8,0.86,0.8,0.81,8.18,22.52,0.41,1.14
,500,6,0.32 0.03 0.11 0.1 0.27 0.17,0.98,0.8,0.86,0.8,0.81,8.18,22.52,0.41,1.14
,500,6,0.32 0.03 0.11 0.1 0.27 0.17,0.98,0.8,0.86,0.8,0.81,8.18,22.52,0.41,1.14
,500,6,0.31 0.04 0.12 0.12 0.24 0.18,0.98,-2.41,0.88,-2.41,0.06,30.94,48.14,4.97,7.73
,500,6,0.32 0.03 0.11 0.1 0.27 0.17,0.98,0.8,0.86,0.8,0.81,8.18,22.52,0.41,1.14
,500,6,0.28 0.03 0.04 0.05 0.31 0.29,0.99,-0.35,0.94,-0.35,0.11,83.28,118.27,0.8,1.14
,500,6,0.33 0.04 0.09 0.08 0.28 0.19,0.99,-1.76,0.92,-1.76,0.16,48.75,67.48,1.24,1.71
,500,6,0.33 0.03 0.09 0.08 0.28 0.19,0.99,-0.49,0.9,-0.49,0.0,46.72,73.46,0.96,1.51
,500,6,0.33 0.03 0.09 0.08 0.28 0.19,0.99,-0.46,0.91,-0.46,0.13,45.35,61.53,0.74,1.0
,500,6,0.34 0.03 0.09 0.08 0.27 0.19,0.99,-0.82,0.91,-0.82,0.01,55.39,70.61,1.1,1.4
,500,6,0.28 0.03 0.04 0.05 0.31 0.29,0.99,-0.35,0.94,-0.35,0.11,83.28,118.27,0.8,1.14
,500,6,0.34 0.03 0.09 0.08 0.27 0.19,0.99,-0.82,0.91,-0.82,0.01,55.39,70.61,1.1,1.4
,500,6,0.27 0.04 0.12 0.13 0.24 0.2,0.98,-6.54,0.86,-6.54,0.02,43.71,55.14,9.68,12.22
,500,6,0.28 0.04 0.05 0.08 0.27 0.27,0.99,-0.34,0.91,-0.34,0.03,40.4,58.23,2.67,3.85
,500,6,0.33 0.03 0.09 0.08 0.28 0.19,0.99,-0.46,0.91,-0.46,0.13,45.35,61.53,0.74,1.0
,500,6,0.33 0.03 0.09 0.08 0.28 0.19,0.99,-0.46,0.91,-0.46,0.13,45.35,61.53,0.74,1.0
,500,6,0.33 0.03 0.09 0.08 0.28 0.19,0.99,0.07,0.91,0.07,0.43,18.7,38.59,0.89,1.84
,500,6,0.33 0.03 0.09 0.08 0.28 0.19,0.99,0.07,0.91,0.07,0.43,18.7,38.59,0.89,1.84
,500,6,0.33 0.03 0.09 0.08 0.28 0.19,0.99,0.03,0.91,0.03,0.19,16.72,33.03,1.17,2.32
,500,6,0.33 0.03 0.1 0.09 0.28 0.18,0.99,0.13,0.9,0.13,0.3,18.0,34.68,1.01,1.95
,500,6,0.32 0.03 0.09 0.08 0.28 0.2,0.99,-0.12,0.9,-0.12,0.13,14.11,29.07,1.24,2.55
,500,6,0.34 0.03 0.1 0.08 0.27 0.18,0.99,0.17,0.9,0.17,0.41,18.03,36.47,0.87,1.77
,500,6,0.3 0.03 0.1 0.09 0.31 0.17,0.99,0.02,0.89,0.02,0.19,19.47,35.45,1.28,2.32
,500,6,0.32 0.03 0.08 0.08 0.28 0.21,0.99,0.09,0.92,0.09,0.43,16.13,32.1,0.95,1.89
,500,6,0.32 0.03 0.09 0.08 0.28 0.19,0.99,-0.33,0.9,-0.33,0.04,14.12,27.2,1.69,3.26
,500,6,0.33 0.03 0.1 0.09 0.27 0.18,0.99,0.21,0.9,0.21,0.42,18.59,36.76,0.88,1.74
,500,6,0.32 0.03 0.09 0.08 0.27 0.21,0.99,0.29,0.91,0.29,0.42,18.05,36.48,0.75,1.52
,500,6,0.32 0.03 0.09 0.08 0.28 0.21,0.99,0.23,0.91,0.23,0.42,16.01,31.51,0.84,1.65
,500,6,0.33 0.03 0.09 0.08 0.27 0.19,0.99,-0.32,0.9,-0.32,0.0,4.96,19.47,2.67,10.47
,500,6,0.32 0.03 0.1 0.08 0.3 0.18,0.99,0.1,0.9,0.1,0.18,16.03,31.23,1.15,2.24
,500,6,0.33 0.03 0.09 0.08 0.27 0.2,0.99,0.25,0.91,0.25,0.44,18.13,37.22,0.78,1.6
,500,6,0.32 0.03 0.09 0.08 0.28 0.21,0.99,0.23,0.91,0.23,0.42,16.01,31.51,0.84,1.65
,500,6,0.33 0.03 0.09 0.08 0.27 0.19,0.99,-0.51,0.9,-0.51,0.11,11.89,25.39,1.46,3.12
,500,6,0.32 0.03 0.09 0.08 0.27 0.21,0.99,0.29,0.91,0.29,0.42,18.05,36.48,0.75,1.52
,500,6,0.32 0.03 0.09 0.08 0.28 0.21,0.99,0.23,0.91,0.23,0.42,16.01,31.51,0.84,1.65
,500,6,0.33 0.03 0.1 0.09 0.27 0.18,0.99,0.19,0.9,0.19,0.37,20.27,39.06,0.88,1.7
,500,6,0.32 0.03 0.09 0.08 0.28 0.21,0.99,0.23,0.91,0.23,0.42,16.01,31.51,0.84,1.65
,500,6,0.32 0.03 0.09 0.08 0.28 0.21,0.99,0.23,0.91,0.23,0.42,16.01,31.51,0.84,1.65
,500,6,0.33 0.03 0.1 0.09 0.27 0.18,0.98,0.82,0.89,0.82,0.83,6.29,18.09,0.37,1.06
,500,6,0.33 0.03 0.09 0.08 0.27 0.19,0.99,0.93,0.9,0.93,0.93,4.32,13.53,0.22,0.68
,500,6,0.33 0.03 0.1 0.09 0.27 0.19,0.99,0.84,0.9,0.84,0.84,9.74,24.2,0.4,1.0
,500,6,0.33 0.03 0.09 0.08 0.27 0.19,0.99,0.93,0.9,0.93,0.93,4.32,13.53,0.22,0.68
,500,6,0.32 0.03 0.11 0.1 0.27 0.17,0.98,0.8,0.86,0.8,0.81,8.18,22.52,0.41,1.14
,500,6,0.32 0.03 0.09 0.08 0.28 0.21,0.99,0.23,0.91,0.23,0.42,16.01,31.51,0.84,1.65
